Feature,Coefficient
revenue_first_30_days,0.4973248605420953
orders_first_30_days,0.1701492451510942
avg_discount_first_30_days,-0.10004734616034278
