Metric,High_Value_Mean,Low_Value_Mean,Lift_%,P_Value
orders_first_30_days,1.5952380952380953,1.2883597883597884,23.81930184804929,6.777617626234853e-06
revenue_first_30_days,11524.538095238098,7255.963756613757,58.82849586636327,4.2317935915198574e-11
avg_discount_first_30_days,0.062447089947089945,0.07100970017636685,-12.05836696678051,0.25285703883391497
