early_revenue_quartile,total_revenue
Q1 (Low),17947.46746031746
Q2,20753.650793650795
Q3,27379.45476190476
Q4 (High),38039.580158730154
